feature_code,field_id,instance,metabolite_name,metabolite_name_short,annotation_source,annotation_status,category,subclass,ukb_field_title
p20280_i0,20280,0,Glucose-lactate,Glucose-lactate,UK Biobank Data Showcase Resource 3543: https://biobank.ndph.ox.ac.uk/ukb/ukb/docs/Nightingale_biomarker_groups.txt,mapped,Glycolysis related metabolites,,Glucose-lactate
p20281_i0,20281,0,Spectrometer-corrected alanine,Spectrometer-corrected alanine,UK Biobank Data Showcase Resource 3543: https://biobank.ndph.ox.ac.uk/ukb/ukb/docs/Nightingale_biomarker_groups.txt,mapped,Amino acids,,Spectrometer-corrected alanine
p23400_i0,23400,0,Total cholesterol,Total cholesterol,UK Biobank Data Showcase Resource 3543: https://biobank.ndph.ox.ac.uk/ukb/ukb/docs/Nightingale_biomarker_groups.txt,mapped,Cholesterol,,Total cholesterol
p23401_i0,23401,0,Total cholesterol minus HDL-C,Total cholesterol minus HDL-C,UK Biobank Data Showcase Resource 3543: https://biobank.ndph.ox.ac.uk/ukb/ukb/docs/Nightingale_biomarker_groups.txt,mapped,Cholesterol,,Total cholesterol minus HDL-C
p23402_i0,23402,0,"Remnant cholesterol (non-HDL, non-LDL -cholesterol)","Remnant cholesterol (non-HDL, non-LDL -cholesterol)",UK Biobank Data Showcase Resource 3543: https://biobank.ndph.ox.ac.uk/ukb/ukb/docs/Nightingale_biomarker_groups.txt,mapped,Cholesterol,,"Remnant cholesterol (non-HDL, non-LDL -cholesterol)"
p23403_i0,23403,0,VLDL cholesterol,VLDL cholesterol,UK Biobank Data Showcase Resource 3543: https://biobank.ndph.ox.ac.uk/ukb/ukb/docs/Nightingale_biomarker_groups.txt,mapped,Cholesterol,,VLDL cholesterol
p23404_i0,23404,0,Clinical LDL cholesterol,Clinical LDL cholesterol,UK Biobank Data Showcase Resource 3543: https://biobank.ndph.ox.ac.uk/ukb/ukb/docs/Nightingale_biomarker_groups.txt,mapped,Cholesterol,,Clinical LDL cholesterol
p23405_i0,23405,0,LDL cholesterol,LDL cholesterol,UK Biobank Data Showcase Resource 3543: https://biobank.ndph.ox.ac.uk/ukb/ukb/docs/Nightingale_biomarker_groups.txt,mapped,Cholesterol,,LDL cholesterol
p23406_i0,23406,0,HDL cholesterol,HDL cholesterol,UK Biobank Data Showcase Resource 3543: https://biobank.ndph.ox.ac.uk/ukb/ukb/docs/Nightingale_biomarker_groups.txt,mapped,Cholesterol,,HDL cholesterol
p23407_i0,23407,0,Total triglycerides,Total triglycerides,UK Biobank Data Showcase Resource 3543: https://biobank.ndph.ox.ac.uk/ukb/ukb/docs/Nightingale_biomarker_groups.txt,mapped,Triglycerides,,Total triglycerides
p23408_i0,23408,0,Triglycerides in VLDL,Triglycerides in VLDL,UK Biobank Data Showcase Resource 3543: https://biobank.ndph.ox.ac.uk/ukb/ukb/docs/Nightingale_biomarker_groups.txt,mapped,Triglycerides,,Triglycerides in VLDL
p23409_i0,23409,0,Triglycerides in LDL,Triglycerides in LDL,UK Biobank Data Showcase Resource 3543: https://biobank.ndph.ox.ac.uk/ukb/ukb/docs/Nightingale_biomarker_groups.txt,mapped,Triglycerides,,Triglycerides in LDL
p23410_i0,23410,0,Triglycerides in HDL,Triglycerides in HDL,UK Biobank Data Showcase Resource 3543: https://biobank.ndph.ox.ac.uk/ukb/ukb/docs/Nightingale_biomarker_groups.txt,mapped,Triglycerides,,Triglycerides in HDL
p23411_i0,23411,0,Total phospholipids in lipoprotein particles,Total phospholipids in lipoprotein particles,UK Biobank Data Showcase Resource 3543: https://biobank.ndph.ox.ac.uk/ukb/ukb/docs/Nightingale_biomarker_groups.txt,mapped,Phospholipids,,Total phospholipids in lipoprotein particles
p23412_i0,23412,0,Phospholipids in VLDL,Phospholipids in VLDL,UK Biobank Data Showcase Resource 3543: https://biobank.ndph.ox.ac.uk/ukb/ukb/docs/Nightingale_biomarker_groups.txt,mapped,Phospholipids,,Phospholipids in VLDL
p23413_i0,23413,0,Phospholipids in LDL,Phospholipids in LDL,UK Biobank Data Showcase Resource 3543: https://biobank.ndph.ox.ac.uk/ukb/ukb/docs/Nightingale_biomarker_groups.txt,mapped,Phospholipids,,Phospholipids in LDL
p23414_i0,23414,0,Phospholipids in HDL,Phospholipids in HDL,UK Biobank Data Showcase Resource 3543: https://biobank.ndph.ox.ac.uk/ukb/ukb/docs/Nightingale_biomarker_groups.txt,mapped,Phospholipids,,Phospholipids in HDL
p23415_i0,23415,0,Total esterified cholesterol,Total esterified cholesterol,UK Biobank Data Showcase Resource 3543: https://biobank.ndph.ox.ac.uk/ukb/ukb/docs/Nightingale_biomarker_groups.txt,mapped,Cholesteryl esters,,Total esterified cholesterol
p23416_i0,23416,0,Cholesteryl esters in VLDL,Cholesteryl esters in VLDL,UK Biobank Data Showcase Resource 3543: https://biobank.ndph.ox.ac.uk/ukb/ukb/docs/Nightingale_biomarker_groups.txt,mapped,Cholesteryl esters,,Cholesteryl esters in VLDL
p23417_i0,23417,0,Cholesteryl esters in LDL,Cholesteryl esters in LDL,UK Biobank Data Showcase Resource 3543: https://biobank.ndph.ox.ac.uk/ukb/ukb/docs/Nightingale_biomarker_groups.txt,mapped,Cholesteryl esters,,Cholesteryl esters in LDL
p23418_i0,23418,0,Cholesteryl esters in HDL,Cholesteryl esters in HDL,UK Biobank Data Showcase Resource 3543: https://biobank.ndph.ox.ac.uk/ukb/ukb/docs/Nightingale_biomarker_groups.txt,mapped,Cholesteryl esters,,Cholesteryl esters in HDL
p23419_i0,23419,0,Total free cholesterol,Total free cholesterol,UK Biobank Data Showcase Resource 3543: https://biobank.ndph.ox.ac.uk/ukb/ukb/docs/Nightingale_biomarker_groups.txt,mapped,Free cholesterol,,Total free cholesterol
p23420_i0,23420,0,Free cholesterol in VLDL,Free cholesterol in VLDL,UK Biobank Data Showcase Resource 3543: https://biobank.ndph.ox.ac.uk/ukb/ukb/docs/Nightingale_biomarker_groups.txt,mapped,Free cholesterol,,Free cholesterol in VLDL
p23421_i0,23421,0,Free cholesterol in LDL,Free cholesterol in LDL,UK Biobank Data Showcase Resource 3543: https://biobank.ndph.ox.ac.uk/ukb/ukb/docs/Nightingale_biomarker_groups.txt,mapped,Free cholesterol,,Free cholesterol in LDL
p23422_i0,23422,0,Free cholesterol in HDL,Free cholesterol in HDL,UK Biobank Data Showcase Resource 3543: https://biobank.ndph.ox.ac.uk/ukb/ukb/docs/Nightingale_biomarker_groups.txt,mapped,Free cholesterol,,Free cholesterol in HDL
p23423_i0,23423,0,Total lipids in lipoprotein particles,Total lipids in lipoprotein particles,UK Biobank Data Showcase Resource 3543: https://biobank.ndph.ox.ac.uk/ukb/ukb/docs/Nightingale_biomarker_groups.txt,mapped,Total lipids,,Total lipids in lipoprotein particles
p23424_i0,23424,0,Total lipids in VLDL,Total lipids in VLDL,UK Biobank Data Showcase Resource 3543: https://biobank.ndph.ox.ac.uk/ukb/ukb/docs/Nightingale_biomarker_groups.txt,mapped,Total lipids,,Total lipids in VLDL
p23425_i0,23425,0,Total lipids in LDL,Total lipids in LDL,UK Biobank Data Showcase Resource 3543: https://biobank.ndph.ox.ac.uk/ukb/ukb/docs/Nightingale_biomarker_groups.txt,mapped,Total lipids,,Total lipids in LDL
p23426_i0,23426,0,Total lipids in HDL,Total lipids in HDL,UK Biobank Data Showcase Resource 3543: https://biobank.ndph.ox.ac.uk/ukb/ukb/docs/Nightingale_biomarker_groups.txt,mapped,Total lipids,,Total lipids in HDL
p23427_i0,23427,0,Total concentration of lipoprotein particles,Total concentration of lipoprotein particles,UK Biobank Data Showcase Resource 3543: https://biobank.ndph.ox.ac.uk/ukb/ukb/docs/Nightingale_biomarker_groups.txt,mapped,Lipoprotein particle concentrations,,Total concentration of lipoprotein particles
p23428_i0,23428,0,Concentration of VLDL particles,Concentration of VLDL particles,UK Biobank Data Showcase Resource 3543: https://biobank.ndph.ox.ac.uk/ukb/ukb/docs/Nightingale_biomarker_groups.txt,mapped,Lipoprotein particle concentrations,,Concentration of VLDL particles
p23429_i0,23429,0,Concentration of LDL particles,Concentration of LDL particles,UK Biobank Data Showcase Resource 3543: https://biobank.ndph.ox.ac.uk/ukb/ukb/docs/Nightingale_biomarker_groups.txt,mapped,Lipoprotein particle concentrations,,Concentration of LDL particles
p23430_i0,23430,0,Concentration of HDL particles,Concentration of HDL particles,UK Biobank Data Showcase Resource 3543: https://biobank.ndph.ox.ac.uk/ukb/ukb/docs/Nightingale_biomarker_groups.txt,mapped,Lipoprotein particle concentrations,,Concentration of HDL particles
p23431_i0,23431,0,Average diameter for VLDL particles,Average diameter for VLDL particles,UK Biobank Data Showcase Resource 3543: https://biobank.ndph.ox.ac.uk/ukb/ukb/docs/Nightingale_biomarker_groups.txt,mapped,Lipoprotein particle sizes,,Average diameter for VLDL particles
p23432_i0,23432,0,Average diameter for LDL particles,Average diameter for LDL particles,UK Biobank Data Showcase Resource 3543: https://biobank.ndph.ox.ac.uk/ukb/ukb/docs/Nightingale_biomarker_groups.txt,mapped,Lipoprotein particle sizes,,Average diameter for LDL particles
p23433_i0,23433,0,Average diameter for HDL particles,Average diameter for HDL particles,UK Biobank Data Showcase Resource 3543: https://biobank.ndph.ox.ac.uk/ukb/ukb/docs/Nightingale_biomarker_groups.txt,mapped,Lipoprotein particle sizes,,Average diameter for HDL particles
p23434_i0,23434,0,Phosphoglycerides,Phosphoglycerides,UK Biobank Data Showcase Resource 3543: https://biobank.ndph.ox.ac.uk/ukb/ukb/docs/Nightingale_biomarker_groups.txt,mapped,Other lipids,,Phosphoglycerides
p23435_i0,23435,0,Ratio of triglycerides to phosphoglycerides,Ratio of triglycerides to phosphoglycerides,UK Biobank Data Showcase Resource 3543: https://biobank.ndph.ox.ac.uk/ukb/ukb/docs/Nightingale_biomarker_groups.txt,mapped,Other lipids,,Ratio of triglycerides to phosphoglycerides
p23436_i0,23436,0,Total cholines,Total cholines,UK Biobank Data Showcase Resource 3543: https://biobank.ndph.ox.ac.uk/ukb/ukb/docs/Nightingale_biomarker_groups.txt,mapped,Other lipids,,Total cholines
p23437_i0,23437,0,Phosphatidylcholines,Phosphatidylcholines,UK Biobank Data Showcase Resource 3543: https://biobank.ndph.ox.ac.uk/ukb/ukb/docs/Nightingale_biomarker_groups.txt,mapped,Other lipids,,Phosphatidylcholines
p23438_i0,23438,0,Sphingomyelins,Sphingomyelins,UK Biobank Data Showcase Resource 3543: https://biobank.ndph.ox.ac.uk/ukb/ukb/docs/Nightingale_biomarker_groups.txt,mapped,Other lipids,,Sphingomyelins
p23439_i0,23439,0,Apolipoprotein B,Apolipoprotein B,UK Biobank Data Showcase Resource 3543: https://biobank.ndph.ox.ac.uk/ukb/ukb/docs/Nightingale_biomarker_groups.txt,mapped,Apolipoproteins,,Apolipoprotein B
p23440_i0,23440,0,Apolipoprotein A1,Apolipoprotein A1,UK Biobank Data Showcase Resource 3543: https://biobank.ndph.ox.ac.uk/ukb/ukb/docs/Nightingale_biomarker_groups.txt,mapped,Apolipoproteins,,Apolipoprotein A1
p23441_i0,23441,0,Ratio of apolipoprotein B to apolipoprotein A1,Ratio of apolipoprotein B to apolipoprotein A1,UK Biobank Data Showcase Resource 3543: https://biobank.ndph.ox.ac.uk/ukb/ukb/docs/Nightingale_biomarker_groups.txt,mapped,Apolipoproteins,,Ratio of apolipoprotein B to apolipoprotein A1
p23442_i0,23442,0,Total fatty acids,Total fatty acids,UK Biobank Data Showcase Resource 3543: https://biobank.ndph.ox.ac.uk/ukb/ukb/docs/Nightingale_biomarker_groups.txt,mapped,Fatty acids,,Total fatty acids
p23443_i0,23443,0,Degree of unsaturation,Degree of unsaturation,UK Biobank Data Showcase Resource 3543: https://biobank.ndph.ox.ac.uk/ukb/ukb/docs/Nightingale_biomarker_groups.txt,mapped,Fatty acids,,Degree of unsaturation
p23444_i0,23444,0,Omega-3 fatty acids,Omega-3 fatty acids,UK Biobank Data Showcase Resource 3543: https://biobank.ndph.ox.ac.uk/ukb/ukb/docs/Nightingale_biomarker_groups.txt,mapped,Fatty acids,,Omega-3 fatty acids
p23445_i0,23445,0,Omega-6 fatty acids,Omega-6 fatty acids,UK Biobank Data Showcase Resource 3543: https://biobank.ndph.ox.ac.uk/ukb/ukb/docs/Nightingale_biomarker_groups.txt,mapped,Fatty acids,,Omega-6 fatty acids
p23446_i0,23446,0,Polyunsaturated fatty acids,Polyunsaturated fatty acids,UK Biobank Data Showcase Resource 3543: https://biobank.ndph.ox.ac.uk/ukb/ukb/docs/Nightingale_biomarker_groups.txt,mapped,Fatty acids,,Polyunsaturated fatty acids
p23447_i0,23447,0,Monounsaturated fatty acids,Monounsaturated fatty acids,UK Biobank Data Showcase Resource 3543: https://biobank.ndph.ox.ac.uk/ukb/ukb/docs/Nightingale_biomarker_groups.txt,mapped,Fatty acids,,Monounsaturated fatty acids
p23448_i0,23448,0,Saturated fatty acids,Saturated fatty acids,UK Biobank Data Showcase Resource 3543: https://biobank.ndph.ox.ac.uk/ukb/ukb/docs/Nightingale_biomarker_groups.txt,mapped,Fatty acids,,Saturated fatty acids
p23449_i0,23449,0,Linoleic acid,Linoleic acid,UK Biobank Data Showcase Resource 3543: https://biobank.ndph.ox.ac.uk/ukb/ukb/docs/Nightingale_biomarker_groups.txt,mapped,Fatty acids,,Linoleic acid
p23450_i0,23450,0,Docosahexaenoic acid,Docosahexaenoic acid,UK Biobank Data Showcase Resource 3543: https://biobank.ndph.ox.ac.uk/ukb/ukb/docs/Nightingale_biomarker_groups.txt,mapped,Fatty acids,,Docosahexaenoic acid
p23451_i0,23451,0,Ratio of omega-3 fatty acids to total fatty acids,Ratio of omega-3 fatty acids to total fatty acids,UK Biobank Data Showcase Resource 3543: https://biobank.ndph.ox.ac.uk/ukb/ukb/docs/Nightingale_biomarker_groups.txt,mapped,Fatty acids,Fatty acid ratios,Ratio of omega-3 fatty acids to total fatty acids
p23452_i0,23452,0,Ratio of omega-6 fatty acids to total fatty acids,Ratio of omega-6 fatty acids to total fatty acids,UK Biobank Data Showcase Resource 3543: https://biobank.ndph.ox.ac.uk/ukb/ukb/docs/Nightingale_biomarker_groups.txt,mapped,Fatty acids,Fatty acid ratios,Ratio of omega-6 fatty acids to total fatty acids
p23453_i0,23453,0,Ratio of polyunsaturated fatty acids to total fatty acids,Ratio of polyunsaturated fatty acids to total fatty acids,UK Biobank Data Showcase Resource 3543: https://biobank.ndph.ox.ac.uk/ukb/ukb/docs/Nightingale_biomarker_groups.txt,mapped,Fatty acids,Fatty acid ratios,Ratio of polyunsaturated fatty acids to total fatty acids
p23454_i0,23454,0,Ratio of monounsaturated fatty acids to total fatty acids,Ratio of monounsaturated fatty acids to total fatty acids,UK Biobank Data Showcase Resource 3543: https://biobank.ndph.ox.ac.uk/ukb/ukb/docs/Nightingale_biomarker_groups.txt,mapped,Fatty acids,Fatty acid ratios,Ratio of monounsaturated fatty acids to total fatty acids
p23455_i0,23455,0,Ratio of saturated fatty acids to total fatty acids,Ratio of saturated fatty acids to total fatty acids,UK Biobank Data Showcase Resource 3543: https://biobank.ndph.ox.ac.uk/ukb/ukb/docs/Nightingale_biomarker_groups.txt,mapped,Fatty acids,Fatty acid ratios,Ratio of saturated fatty acids to total fatty acids
p23456_i0,23456,0,Ratio of linoleic acid to total fatty acids,Ratio of linoleic acid to total fatty acids,UK Biobank Data Showcase Resource 3543: https://biobank.ndph.ox.ac.uk/ukb/ukb/docs/Nightingale_biomarker_groups.txt,mapped,Fatty acids,Fatty acid ratios,Ratio of linoleic acid to total fatty acids
p23457_i0,23457,0,Ratio of docosahexaenoic acid to total fatty acids,Ratio of docosahexaenoic acid to total fatty acids,UK Biobank Data Showcase Resource 3543: https://biobank.ndph.ox.ac.uk/ukb/ukb/docs/Nightingale_biomarker_groups.txt,mapped,Fatty acids,Fatty acid ratios,Ratio of docosahexaenoic acid to total fatty acids
p23458_i0,23458,0,Ratio of polyunsaturated fatty acids to monounsaturated fatty acids,Ratio of polyunsaturated fatty acids to monounsaturated fatty acids,UK Biobank Data Showcase Resource 3543: https://biobank.ndph.ox.ac.uk/ukb/ukb/docs/Nightingale_biomarker_groups.txt,mapped,Fatty acids,Fatty acid ratios,Ratio of polyunsaturated fatty acids to monounsaturated fatty acids
p23459_i0,23459,0,Ratio of omega-6 fatty acids to omega-3 fatty acids,Ratio of omega-6 fatty acids to omega-3 fatty acids,UK Biobank Data Showcase Resource 3543: https://biobank.ndph.ox.ac.uk/ukb/ukb/docs/Nightingale_biomarker_groups.txt,mapped,Fatty acids,Fatty acid ratios,Ratio of omega-6 fatty acids to omega-3 fatty acids
p23460_i0,23460,0,Alanine,Alanine,UK Biobank Data Showcase Resource 3543: https://biobank.ndph.ox.ac.uk/ukb/ukb/docs/Nightingale_biomarker_groups.txt,mapped,Amino acids,,Alanine
p23461_i0,23461,0,Glutamine,Glutamine,UK Biobank Data Showcase Resource 3543: https://biobank.ndph.ox.ac.uk/ukb/ukb/docs/Nightingale_biomarker_groups.txt,mapped,Amino acids,,Glutamine
p23462_i0,23462,0,Glycine,Glycine,UK Biobank Data Showcase Resource 3543: https://biobank.ndph.ox.ac.uk/ukb/ukb/docs/Nightingale_biomarker_groups.txt,mapped,Amino acids,,Glycine
p23463_i0,23463,0,Histidine,Histidine,UK Biobank Data Showcase Resource 3543: https://biobank.ndph.ox.ac.uk/ukb/ukb/docs/Nightingale_biomarker_groups.txt,mapped,Amino acids,,Histidine
p23464_i0,23464,0,Total concentration of branched-chain amino acids (leucine + isoleucine + valine),Total concentration of branched-chain amino acids (leucine + isoleucine + valine),UK Biobank Data Showcase Resource 3543: https://biobank.ndph.ox.ac.uk/ukb/ukb/docs/Nightingale_biomarker_groups.txt,mapped,Amino acids,Branched-chain amino acids,Total concentration of branched-chain amino acids (leucine + isoleucine + valine)
p23465_i0,23465,0,Isoleucine,Isoleucine,UK Biobank Data Showcase Resource 3543: https://biobank.ndph.ox.ac.uk/ukb/ukb/docs/Nightingale_biomarker_groups.txt,mapped,Amino acids,Branched-chain amino acids,Isoleucine
p23466_i0,23466,0,Leucine,Leucine,UK Biobank Data Showcase Resource 3543: https://biobank.ndph.ox.ac.uk/ukb/ukb/docs/Nightingale_biomarker_groups.txt,mapped,Amino acids,Branched-chain amino acids,Leucine
p23467_i0,23467,0,Valine,Valine,UK Biobank Data Showcase Resource 3543: https://biobank.ndph.ox.ac.uk/ukb/ukb/docs/Nightingale_biomarker_groups.txt,mapped,Amino acids,Branched-chain amino acids,Valine
p23468_i0,23468,0,Phenylalanine,Phenylalanine,UK Biobank Data Showcase Resource 3543: https://biobank.ndph.ox.ac.uk/ukb/ukb/docs/Nightingale_biomarker_groups.txt,mapped,Amino acids,Aromatic amino acids,Phenylalanine
p23469_i0,23469,0,Tyrosine,Tyrosine,UK Biobank Data Showcase Resource 3543: https://biobank.ndph.ox.ac.uk/ukb/ukb/docs/Nightingale_biomarker_groups.txt,mapped,Amino acids,Aromatic amino acids,Tyrosine
p23470_i0,23470,0,Glucose,Glucose,UK Biobank Data Showcase Resource 3543: https://biobank.ndph.ox.ac.uk/ukb/ukb/docs/Nightingale_biomarker_groups.txt,mapped,Glycolysis related metabolites,,Glucose
p23471_i0,23471,0,Lactate,Lactate,UK Biobank Data Showcase Resource 3543: https://biobank.ndph.ox.ac.uk/ukb/ukb/docs/Nightingale_biomarker_groups.txt,mapped,Glycolysis related metabolites,,Lactate
p23472_i0,23472,0,Pyruvate,Pyruvate,UK Biobank Data Showcase Resource 3543: https://biobank.ndph.ox.ac.uk/ukb/ukb/docs/Nightingale_biomarker_groups.txt,mapped,Glycolysis related metabolites,,Pyruvate
p23473_i0,23473,0,Citrate,Citrate,UK Biobank Data Showcase Resource 3543: https://biobank.ndph.ox.ac.uk/ukb/ukb/docs/Nightingale_biomarker_groups.txt,mapped,Glycolysis related metabolites,,Citrate
p23474_i0,23474,0,3-Hydroxybutyrate,3-Hydroxybutyrate,UK Biobank Data Showcase Resource 3543: https://biobank.ndph.ox.ac.uk/ukb/ukb/docs/Nightingale_biomarker_groups.txt,mapped,Ketone bodies,,3-Hydroxybutyrate
p23475_i0,23475,0,Acetate,Acetate,UK Biobank Data Showcase Resource 3543: https://biobank.ndph.ox.ac.uk/ukb/ukb/docs/Nightingale_biomarker_groups.txt,mapped,Ketone bodies,,Acetate
p23476_i0,23476,0,Acetoacetate,Acetoacetate,UK Biobank Data Showcase Resource 3543: https://biobank.ndph.ox.ac.uk/ukb/ukb/docs/Nightingale_biomarker_groups.txt,mapped,Ketone bodies,,Acetoacetate
p23477_i0,23477,0,Acetone,Acetone,UK Biobank Data Showcase Resource 3543: https://biobank.ndph.ox.ac.uk/ukb/ukb/docs/Nightingale_biomarker_groups.txt,mapped,Ketone bodies,,Acetone
p23478_i0,23478,0,Creatinine,Creatinine,UK Biobank Data Showcase Resource 3543: https://biobank.ndph.ox.ac.uk/ukb/ukb/docs/Nightingale_biomarker_groups.txt,mapped,Fluid balance,,Creatinine
p23479_i0,23479,0,Albumin,Albumin,UK Biobank Data Showcase Resource 3543: https://biobank.ndph.ox.ac.uk/ukb/ukb/docs/Nightingale_biomarker_groups.txt,mapped,Fluid balance,,Albumin
p23480_i0,23480,0,Glycoprotein acetyls,Glycoprotein acetyls,UK Biobank Data Showcase Resource 3543: https://biobank.ndph.ox.ac.uk/ukb/ukb/docs/Nightingale_biomarker_groups.txt,mapped,Inflammation,,Glycoprotein acetyls
p23481_i0,23481,0,Concentration of chylomicrons and extremely large VLDL particles,Concentration of chylomicrons and extremely large VLDL particles,UK Biobank Data Showcase Resource 3543: https://biobank.ndph.ox.ac.uk/ukb/ukb/docs/Nightingale_biomarker_groups.txt,mapped,Lipoprotein subclasses,Chylomicrons and extremely large VLDL (particle diameters from 75 nm upwards),Concentration of chylomicrons and extremely large VLDL particles
p23482_i0,23482,0,Total lipids in chylomicrons and extremely large VLDL,Total lipids in chylomicrons and extremely large VLDL,UK Biobank Data Showcase Resource 3543: https://biobank.ndph.ox.ac.uk/ukb/ukb/docs/Nightingale_biomarker_groups.txt,mapped,Lipoprotein subclasses,Chylomicrons and extremely large VLDL (particle diameters from 75 nm upwards),Total lipids in chylomicrons and extremely large VLDL
p23483_i0,23483,0,Phospholipids in chylomicrons and extremely large VLDL,Phospholipids in chylomicrons and extremely large VLDL,UK Biobank Data Showcase Resource 3543: https://biobank.ndph.ox.ac.uk/ukb/ukb/docs/Nightingale_biomarker_groups.txt,mapped,Lipoprotein subclasses,Chylomicrons and extremely large VLDL (particle diameters from 75 nm upwards),Phospholipids in chylomicrons and extremely large VLDL
p23484_i0,23484,0,Cholesterol in chylomicrons and extremely large VLDL,Cholesterol in chylomicrons and extremely large VLDL,UK Biobank Data Showcase Resource 3543: https://biobank.ndph.ox.ac.uk/ukb/ukb/docs/Nightingale_biomarker_groups.txt,mapped,Lipoprotein subclasses,Chylomicrons and extremely large VLDL (particle diameters from 75 nm upwards),Cholesterol in chylomicrons and extremely large VLDL
p23485_i0,23485,0,Cholesteryl esters in chylomicrons and extremely large VLDL,Cholesteryl esters in chylomicrons and extremely large VLDL,UK Biobank Data Showcase Resource 3543: https://biobank.ndph.ox.ac.uk/ukb/ukb/docs/Nightingale_biomarker_groups.txt,mapped,Lipoprotein subclasses,Chylomicrons and extremely large VLDL (particle diameters from 75 nm upwards),Cholesteryl esters in chylomicrons and extremely large VLDL
p23486_i0,23486,0,Free cholesterol in chylomicrons and extremely large VLDL,Free cholesterol in chylomicrons and extremely large VLDL,UK Biobank Data Showcase Resource 3543: https://biobank.ndph.ox.ac.uk/ukb/ukb/docs/Nightingale_biomarker_groups.txt,mapped,Lipoprotein subclasses,Chylomicrons and extremely large VLDL (particle diameters from 75 nm upwards),Free cholesterol in chylomicrons and extremely large VLDL
p23487_i0,23487,0,Triglycerides in chylomicrons and extremely large VLDL,Triglycerides in chylomicrons and extremely large VLDL,UK Biobank Data Showcase Resource 3543: https://biobank.ndph.ox.ac.uk/ukb/ukb/docs/Nightingale_biomarker_groups.txt,mapped,Lipoprotein subclasses,Chylomicrons and extremely large VLDL (particle diameters from 75 nm upwards),Triglycerides in chylomicrons and extremely large VLDL
p23488_i0,23488,0,Concentration of very large VLDL particles,Concentration of very large VLDL particles,UK Biobank Data Showcase Resource 3543: https://biobank.ndph.ox.ac.uk/ukb/ukb/docs/Nightingale_biomarker_groups.txt,mapped,Lipoprotein subclasses,Very large VLDL (average diameter 64 nm),Concentration of very large VLDL particles
p23489_i0,23489,0,Total lipids in very large VLDL,Total lipids in very large VLDL,UK Biobank Data Showcase Resource 3543: https://biobank.ndph.ox.ac.uk/ukb/ukb/docs/Nightingale_biomarker_groups.txt,mapped,Lipoprotein subclasses,Very large VLDL (average diameter 64 nm),Total lipids in very large VLDL
p23490_i0,23490,0,Phospholipids in very large VLDL,Phospholipids in very large VLDL,UK Biobank Data Showcase Resource 3543: https://biobank.ndph.ox.ac.uk/ukb/ukb/docs/Nightingale_biomarker_groups.txt,mapped,Lipoprotein subclasses,Very large VLDL (average diameter 64 nm),Phospholipids in very large VLDL
p23491_i0,23491,0,Cholesterol in very large VLDL,Cholesterol in very large VLDL,UK Biobank Data Showcase Resource 3543: https://biobank.ndph.ox.ac.uk/ukb/ukb/docs/Nightingale_biomarker_groups.txt,mapped,Lipoprotein subclasses,Very large VLDL (average diameter 64 nm),Cholesterol in very large VLDL
p23492_i0,23492,0,Cholesteryl esters in very large VLDL,Cholesteryl esters in very large VLDL,UK Biobank Data Showcase Resource 3543: https://biobank.ndph.ox.ac.uk/ukb/ukb/docs/Nightingale_biomarker_groups.txt,mapped,Lipoprotein subclasses,Very large VLDL (average diameter 64 nm),Cholesteryl esters in very large VLDL
p23493_i0,23493,0,Free cholesterol in very large VLDL,Free cholesterol in very large VLDL,UK Biobank Data Showcase Resource 3543: https://biobank.ndph.ox.ac.uk/ukb/ukb/docs/Nightingale_biomarker_groups.txt,mapped,Lipoprotein subclasses,Very large VLDL (average diameter 64 nm),Free cholesterol in very large VLDL
p23494_i0,23494,0,Triglycerides in very large VLDL,Triglycerides in very large VLDL,UK Biobank Data Showcase Resource 3543: https://biobank.ndph.ox.ac.uk/ukb/ukb/docs/Nightingale_biomarker_groups.txt,mapped,Lipoprotein subclasses,Very large VLDL (average diameter 64 nm),Triglycerides in very large VLDL
p23495_i0,23495,0,Concentration of large VLDL particles,Concentration of large VLDL particles,UK Biobank Data Showcase Resource 3543: https://biobank.ndph.ox.ac.uk/ukb/ukb/docs/Nightingale_biomarker_groups.txt,mapped,Lipoprotein subclasses,Large VLDL (average diameter 53.6 nm),Concentration of large VLDL particles
p23496_i0,23496,0,Total lipids in large VLDL,Total lipids in large VLDL,UK Biobank Data Showcase Resource 3543: https://biobank.ndph.ox.ac.uk/ukb/ukb/docs/Nightingale_biomarker_groups.txt,mapped,Lipoprotein subclasses,Large VLDL (average diameter 53.6 nm),Total lipids in large VLDL
p23497_i0,23497,0,Phospholipids in large VLDL,Phospholipids in large VLDL,UK Biobank Data Showcase Resource 3543: https://biobank.ndph.ox.ac.uk/ukb/ukb/docs/Nightingale_biomarker_groups.txt,mapped,Lipoprotein subclasses,Large VLDL (average diameter 53.6 nm),Phospholipids in large VLDL
p23498_i0,23498,0,Cholesterol in large VLDL,Cholesterol in large VLDL,UK Biobank Data Showcase Resource 3543: https://biobank.ndph.ox.ac.uk/ukb/ukb/docs/Nightingale_biomarker_groups.txt,mapped,Lipoprotein subclasses,Large VLDL (average diameter 53.6 nm),Cholesterol in large VLDL
p23499_i0,23499,0,Cholesteryl esters in large VLDL,Cholesteryl esters in large VLDL,UK Biobank Data Showcase Resource 3543: https://biobank.ndph.ox.ac.uk/ukb/ukb/docs/Nightingale_biomarker_groups.txt,mapped,Lipoprotein subclasses,Large VLDL (average diameter 53.6 nm),Cholesteryl esters in large VLDL
p23500_i0,23500,0,Free cholesterol in large VLDL,Free cholesterol in large VLDL,UK Biobank Data Showcase Resource 3543: https://biobank.ndph.ox.ac.uk/ukb/ukb/docs/Nightingale_biomarker_groups.txt,mapped,Lipoprotein subclasses,Large VLDL (average diameter 53.6 nm),Free cholesterol in large VLDL
p23501_i0,23501,0,Triglycerides in large VLDL,Triglycerides in large VLDL,UK Biobank Data Showcase Resource 3543: https://biobank.ndph.ox.ac.uk/ukb/ukb/docs/Nightingale_biomarker_groups.txt,mapped,Lipoprotein subclasses,Large VLDL (average diameter 53.6 nm),Triglycerides in large VLDL
p23502_i0,23502,0,Concentration of medium VLDL particles,Concentration of medium VLDL particles,UK Biobank Data Showcase Resource 3543: https://biobank.ndph.ox.ac.uk/ukb/ukb/docs/Nightingale_biomarker_groups.txt,mapped,Lipoprotein subclasses,Medium VLDL (average diameter 44.5 nm),Concentration of medium VLDL particles
p23503_i0,23503,0,Total lipids in medium VLDL,Total lipids in medium VLDL,UK Biobank Data Showcase Resource 3543: https://biobank.ndph.ox.ac.uk/ukb/ukb/docs/Nightingale_biomarker_groups.txt,mapped,Lipoprotein subclasses,Medium VLDL (average diameter 44.5 nm),Total lipids in medium VLDL
p23504_i0,23504,0,Phospholipids in medium VLDL,Phospholipids in medium VLDL,UK Biobank Data Showcase Resource 3543: https://biobank.ndph.ox.ac.uk/ukb/ukb/docs/Nightingale_biomarker_groups.txt,mapped,Lipoprotein subclasses,Medium VLDL (average diameter 44.5 nm),Phospholipids in medium VLDL
p23505_i0,23505,0,Cholesterol in medium VLDL,Cholesterol in medium VLDL,UK Biobank Data Showcase Resource 3543: https://biobank.ndph.ox.ac.uk/ukb/ukb/docs/Nightingale_biomarker_groups.txt,mapped,Lipoprotein subclasses,Medium VLDL (average diameter 44.5 nm),Cholesterol in medium VLDL
p23506_i0,23506,0,Cholesteryl esters in medium VLDL,Cholesteryl esters in medium VLDL,UK Biobank Data Showcase Resource 3543: https://biobank.ndph.ox.ac.uk/ukb/ukb/docs/Nightingale_biomarker_groups.txt,mapped,Lipoprotein subclasses,Medium VLDL (average diameter 44.5 nm),Cholesteryl esters in medium VLDL
p23507_i0,23507,0,Free cholesterol in medium VLDL,Free cholesterol in medium VLDL,UK Biobank Data Showcase Resource 3543: https://biobank.ndph.ox.ac.uk/ukb/ukb/docs/Nightingale_biomarker_groups.txt,mapped,Lipoprotein subclasses,Medium VLDL (average diameter 44.5 nm),Free cholesterol in medium VLDL
p23508_i0,23508,0,Triglycerides in medium VLDL,Triglycerides in medium VLDL,UK Biobank Data Showcase Resource 3543: https://biobank.ndph.ox.ac.uk/ukb/ukb/docs/Nightingale_biomarker_groups.txt,mapped,Lipoprotein subclasses,Medium VLDL (average diameter 44.5 nm),Triglycerides in medium VLDL
p23509_i0,23509,0,Concentration of small VLDL particles,Concentration of small VLDL particles,UK Biobank Data Showcase Resource 3543: https://biobank.ndph.ox.ac.uk/ukb/ukb/docs/Nightingale_biomarker_groups.txt,mapped,Lipoprotein subclasses,Small VLDL (average diameter 36.8 nm),Concentration of small VLDL particles
p23510_i0,23510,0,Total lipids in small VLDL,Total lipids in small VLDL,UK Biobank Data Showcase Resource 3543: https://biobank.ndph.ox.ac.uk/ukb/ukb/docs/Nightingale_biomarker_groups.txt,mapped,Lipoprotein subclasses,Small VLDL (average diameter 36.8 nm),Total lipids in small VLDL
p23511_i0,23511,0,Phospholipids in small VLDL,Phospholipids in small VLDL,UK Biobank Data Showcase Resource 3543: https://biobank.ndph.ox.ac.uk/ukb/ukb/docs/Nightingale_biomarker_groups.txt,mapped,Lipoprotein subclasses,Small VLDL (average diameter 36.8 nm),Phospholipids in small VLDL
p23512_i0,23512,0,Cholesterol in small VLDL,Cholesterol in small VLDL,UK Biobank Data Showcase Resource 3543: https://biobank.ndph.ox.ac.uk/ukb/ukb/docs/Nightingale_biomarker_groups.txt,mapped,Lipoprotein subclasses,Small VLDL (average diameter 36.8 nm),Cholesterol in small VLDL
p23513_i0,23513,0,Cholesteryl esters in small VLDL,Cholesteryl esters in small VLDL,UK Biobank Data Showcase Resource 3543: https://biobank.ndph.ox.ac.uk/ukb/ukb/docs/Nightingale_biomarker_groups.txt,mapped,Lipoprotein subclasses,Small VLDL (average diameter 36.8 nm),Cholesteryl esters in small VLDL
p23514_i0,23514,0,Free cholesterol in small VLDL,Free cholesterol in small VLDL,UK Biobank Data Showcase Resource 3543: https://biobank.ndph.ox.ac.uk/ukb/ukb/docs/Nightingale_biomarker_groups.txt,mapped,Lipoprotein subclasses,Small VLDL (average diameter 36.8 nm),Free cholesterol in small VLDL
p23515_i0,23515,0,Triglycerides in small VLDL,Triglycerides in small VLDL,UK Biobank Data Showcase Resource 3543: https://biobank.ndph.ox.ac.uk/ukb/ukb/docs/Nightingale_biomarker_groups.txt,mapped,Lipoprotein subclasses,Small VLDL (average diameter 36.8 nm),Triglycerides in small VLDL
p23516_i0,23516,0,Concentration of very small VLDL particles,Concentration of very small VLDL particles,UK Biobank Data Showcase Resource 3543: https://biobank.ndph.ox.ac.uk/ukb/ukb/docs/Nightingale_biomarker_groups.txt,mapped,Lipoprotein subclasses,Very small VLDL (average diameter 31.3 nm),Concentration of very small VLDL particles
p23517_i0,23517,0,Total lipids in very small VLDL,Total lipids in very small VLDL,UK Biobank Data Showcase Resource 3543: https://biobank.ndph.ox.ac.uk/ukb/ukb/docs/Nightingale_biomarker_groups.txt,mapped,Lipoprotein subclasses,Very small VLDL (average diameter 31.3 nm),Total lipids in very small VLDL
p23518_i0,23518,0,Phospholipids in very small VLDL,Phospholipids in very small VLDL,UK Biobank Data Showcase Resource 3543: https://biobank.ndph.ox.ac.uk/ukb/ukb/docs/Nightingale_biomarker_groups.txt,mapped,Lipoprotein subclasses,Very small VLDL (average diameter 31.3 nm),Phospholipids in very small VLDL
p23519_i0,23519,0,Cholesterol in very small VLDL,Cholesterol in very small VLDL,UK Biobank Data Showcase Resource 3543: https://biobank.ndph.ox.ac.uk/ukb/ukb/docs/Nightingale_biomarker_groups.txt,mapped,Lipoprotein subclasses,Very small VLDL (average diameter 31.3 nm),Cholesterol in very small VLDL
p23520_i0,23520,0,Cholesteryl esters in very small VLDL,Cholesteryl esters in very small VLDL,UK Biobank Data Showcase Resource 3543: https://biobank.ndph.ox.ac.uk/ukb/ukb/docs/Nightingale_biomarker_groups.txt,mapped,Lipoprotein subclasses,Very small VLDL (average diameter 31.3 nm),Cholesteryl esters in very small VLDL
p23521_i0,23521,0,Free cholesterol in very small VLDL,Free cholesterol in very small VLDL,UK Biobank Data Showcase Resource 3543: https://biobank.ndph.ox.ac.uk/ukb/ukb/docs/Nightingale_biomarker_groups.txt,mapped,Lipoprotein subclasses,Very small VLDL (average diameter 31.3 nm),Free cholesterol in very small VLDL
p23522_i0,23522,0,Triglycerides in very small VLDL,Triglycerides in very small VLDL,UK Biobank Data Showcase Resource 3543: https://biobank.ndph.ox.ac.uk/ukb/ukb/docs/Nightingale_biomarker_groups.txt,mapped,Lipoprotein subclasses,Very small VLDL (average diameter 31.3 nm),Triglycerides in very small VLDL
p23523_i0,23523,0,Concentration of IDL particles,Concentration of IDL particles,UK Biobank Data Showcase Resource 3543: https://biobank.ndph.ox.ac.uk/ukb/ukb/docs/Nightingale_biomarker_groups.txt,mapped,Lipoprotein subclasses,IDL (average diameter 28.6 nm),Concentration of IDL particles
p23524_i0,23524,0,Total lipids in IDL,Total lipids in IDL,UK Biobank Data Showcase Resource 3543: https://biobank.ndph.ox.ac.uk/ukb/ukb/docs/Nightingale_biomarker_groups.txt,mapped,Lipoprotein subclasses,IDL (average diameter 28.6 nm),Total lipids in IDL
p23525_i0,23525,0,Phospholipids in IDL,Phospholipids in IDL,UK Biobank Data Showcase Resource 3543: https://biobank.ndph.ox.ac.uk/ukb/ukb/docs/Nightingale_biomarker_groups.txt,mapped,Lipoprotein subclasses,IDL (average diameter 28.6 nm),Phospholipids in IDL
p23526_i0,23526,0,Cholesterol in IDL,Cholesterol in IDL,UK Biobank Data Showcase Resource 3543: https://biobank.ndph.ox.ac.uk/ukb/ukb/docs/Nightingale_biomarker_groups.txt,mapped,Lipoprotein subclasses,IDL (average diameter 28.6 nm),Cholesterol in IDL
p23527_i0,23527,0,Cholesteryl esters in IDL,Cholesteryl esters in IDL,UK Biobank Data Showcase Resource 3543: https://biobank.ndph.ox.ac.uk/ukb/ukb/docs/Nightingale_biomarker_groups.txt,mapped,Lipoprotein subclasses,IDL (average diameter 28.6 nm),Cholesteryl esters in IDL
p23528_i0,23528,0,Free cholesterol in IDL,Free cholesterol in IDL,UK Biobank Data Showcase Resource 3543: https://biobank.ndph.ox.ac.uk/ukb/ukb/docs/Nightingale_biomarker_groups.txt,mapped,Lipoprotein subclasses,IDL (average diameter 28.6 nm),Free cholesterol in IDL
p23529_i0,23529,0,Triglycerides in IDL,Triglycerides in IDL,UK Biobank Data Showcase Resource 3543: https://biobank.ndph.ox.ac.uk/ukb/ukb/docs/Nightingale_biomarker_groups.txt,mapped,Lipoprotein subclasses,IDL (average diameter 28.6 nm),Triglycerides in IDL
p23530_i0,23530,0,Concentration of large LDL particles,Concentration of large LDL particles,UK Biobank Data Showcase Resource 3543: https://biobank.ndph.ox.ac.uk/ukb/ukb/docs/Nightingale_biomarker_groups.txt,mapped,Lipoprotein subclasses,Large LDL (average diameter 25.5 nm),Concentration of large LDL particles
p23531_i0,23531,0,Total lipids in large LDL,Total lipids in large LDL,UK Biobank Data Showcase Resource 3543: https://biobank.ndph.ox.ac.uk/ukb/ukb/docs/Nightingale_biomarker_groups.txt,mapped,Lipoprotein subclasses,Large LDL (average diameter 25.5 nm),Total lipids in large LDL
p23532_i0,23532,0,Phospholipids in large LDL,Phospholipids in large LDL,UK Biobank Data Showcase Resource 3543: https://biobank.ndph.ox.ac.uk/ukb/ukb/docs/Nightingale_biomarker_groups.txt,mapped,Lipoprotein subclasses,Large LDL (average diameter 25.5 nm),Phospholipids in large LDL
p23533_i0,23533,0,Cholesterol in large LDL,Cholesterol in large LDL,UK Biobank Data Showcase Resource 3543: https://biobank.ndph.ox.ac.uk/ukb/ukb/docs/Nightingale_biomarker_groups.txt,mapped,Lipoprotein subclasses,Large LDL (average diameter 25.5 nm),Cholesterol in large LDL
p23534_i0,23534,0,Cholesteryl esters in large LDL,Cholesteryl esters in large LDL,UK Biobank Data Showcase Resource 3543: https://biobank.ndph.ox.ac.uk/ukb/ukb/docs/Nightingale_biomarker_groups.txt,mapped,Lipoprotein subclasses,Large LDL (average diameter 25.5 nm),Cholesteryl esters in large LDL
p23535_i0,23535,0,Free cholesterol in large LDL,Free cholesterol in large LDL,UK Biobank Data Showcase Resource 3543: https://biobank.ndph.ox.ac.uk/ukb/ukb/docs/Nightingale_biomarker_groups.txt,mapped,Lipoprotein subclasses,Large LDL (average diameter 25.5 nm),Free cholesterol in large LDL
p23536_i0,23536,0,Triglycerides in large LDL,Triglycerides in large LDL,UK Biobank Data Showcase Resource 3543: https://biobank.ndph.ox.ac.uk/ukb/ukb/docs/Nightingale_biomarker_groups.txt,mapped,Lipoprotein subclasses,Large LDL (average diameter 25.5 nm),Triglycerides in large LDL
p23537_i0,23537,0,Concentration of medium LDL particles,Concentration of medium LDL particles,UK Biobank Data Showcase Resource 3543: https://biobank.ndph.ox.ac.uk/ukb/ukb/docs/Nightingale_biomarker_groups.txt,mapped,Lipoprotein subclasses,Medium LDL (average diameter 23 nm),Concentration of medium LDL particles
p23538_i0,23538,0,Total lipids in medium LDL,Total lipids in medium LDL,UK Biobank Data Showcase Resource 3543: https://biobank.ndph.ox.ac.uk/ukb/ukb/docs/Nightingale_biomarker_groups.txt,mapped,Lipoprotein subclasses,Medium LDL (average diameter 23 nm),Total lipids in medium LDL
p23539_i0,23539,0,Phospholipids in medium LDL,Phospholipids in medium LDL,UK Biobank Data Showcase Resource 3543: https://biobank.ndph.ox.ac.uk/ukb/ukb/docs/Nightingale_biomarker_groups.txt,mapped,Lipoprotein subclasses,Medium LDL (average diameter 23 nm),Phospholipids in medium LDL
p23540_i0,23540,0,Cholesterol in medium LDL,Cholesterol in medium LDL,UK Biobank Data Showcase Resource 3543: https://biobank.ndph.ox.ac.uk/ukb/ukb/docs/Nightingale_biomarker_groups.txt,mapped,Lipoprotein subclasses,Medium LDL (average diameter 23 nm),Cholesterol in medium LDL
p23541_i0,23541,0,Cholesteryl esters in medium LDL,Cholesteryl esters in medium LDL,UK Biobank Data Showcase Resource 3543: https://biobank.ndph.ox.ac.uk/ukb/ukb/docs/Nightingale_biomarker_groups.txt,mapped,Lipoprotein subclasses,Medium LDL (average diameter 23 nm),Cholesteryl esters in medium LDL
p23542_i0,23542,0,Free cholesterol in medium LDL,Free cholesterol in medium LDL,UK Biobank Data Showcase Resource 3543: https://biobank.ndph.ox.ac.uk/ukb/ukb/docs/Nightingale_biomarker_groups.txt,mapped,Lipoprotein subclasses,Medium LDL (average diameter 23 nm),Free cholesterol in medium LDL
p23543_i0,23543,0,Triglycerides in medium LDL,Triglycerides in medium LDL,UK Biobank Data Showcase Resource 3543: https://biobank.ndph.ox.ac.uk/ukb/ukb/docs/Nightingale_biomarker_groups.txt,mapped,Lipoprotein subclasses,Medium LDL (average diameter 23 nm),Triglycerides in medium LDL
p23544_i0,23544,0,Concentration of small LDL particles,Concentration of small LDL particles,UK Biobank Data Showcase Resource 3543: https://biobank.ndph.ox.ac.uk/ukb/ukb/docs/Nightingale_biomarker_groups.txt,mapped,Lipoprotein subclasses,Small LDL (average diameter 18.7 nm),Concentration of small LDL particles
p23545_i0,23545,0,Total lipids in small LDL,Total lipids in small LDL,UK Biobank Data Showcase Resource 3543: https://biobank.ndph.ox.ac.uk/ukb/ukb/docs/Nightingale_biomarker_groups.txt,mapped,Lipoprotein subclasses,Small LDL (average diameter 18.7 nm),Total lipids in small LDL
p23546_i0,23546,0,Phospholipids in small LDL,Phospholipids in small LDL,UK Biobank Data Showcase Resource 3543: https://biobank.ndph.ox.ac.uk/ukb/ukb/docs/Nightingale_biomarker_groups.txt,mapped,Lipoprotein subclasses,Small LDL (average diameter 18.7 nm),Phospholipids in small LDL
p23547_i0,23547,0,Cholesterol in small LDL,Cholesterol in small LDL,UK Biobank Data Showcase Resource 3543: https://biobank.ndph.ox.ac.uk/ukb/ukb/docs/Nightingale_biomarker_groups.txt,mapped,Lipoprotein subclasses,Small LDL (average diameter 18.7 nm),Cholesterol in small LDL
p23548_i0,23548,0,Cholesteryl esters in small LDL,Cholesteryl esters in small LDL,UK Biobank Data Showcase Resource 3543: https://biobank.ndph.ox.ac.uk/ukb/ukb/docs/Nightingale_biomarker_groups.txt,mapped,Lipoprotein subclasses,Small LDL (average diameter 18.7 nm),Cholesteryl esters in small LDL
p23549_i0,23549,0,Free cholesterol in small LDL,Free cholesterol in small LDL,UK Biobank Data Showcase Resource 3543: https://biobank.ndph.ox.ac.uk/ukb/ukb/docs/Nightingale_biomarker_groups.txt,mapped,Lipoprotein subclasses,Small LDL (average diameter 18.7 nm),Free cholesterol in small LDL
p23550_i0,23550,0,Triglycerides in small LDL,Triglycerides in small LDL,UK Biobank Data Showcase Resource 3543: https://biobank.ndph.ox.ac.uk/ukb/ukb/docs/Nightingale_biomarker_groups.txt,mapped,Lipoprotein subclasses,Small LDL (average diameter 18.7 nm),Triglycerides in small LDL
p23551_i0,23551,0,Concentration of very large HDL particles,Concentration of very large HDL particles,UK Biobank Data Showcase Resource 3543: https://biobank.ndph.ox.ac.uk/ukb/ukb/docs/Nightingale_biomarker_groups.txt,mapped,Lipoprotein subclasses,Very large HDL (average diameter 14.3 nm),Concentration of very large HDL particles
p23552_i0,23552,0,Total lipids in very large HDL,Total lipids in very large HDL,UK Biobank Data Showcase Resource 3543: https://biobank.ndph.ox.ac.uk/ukb/ukb/docs/Nightingale_biomarker_groups.txt,mapped,Lipoprotein subclasses,Very large HDL (average diameter 14.3 nm),Total lipids in very large HDL
p23553_i0,23553,0,Phospholipids in very large HDL,Phospholipids in very large HDL,UK Biobank Data Showcase Resource 3543: https://biobank.ndph.ox.ac.uk/ukb/ukb/docs/Nightingale_biomarker_groups.txt,mapped,Lipoprotein subclasses,Very large HDL (average diameter 14.3 nm),Phospholipids in very large HDL
p23554_i0,23554,0,Cholesterol in very large HDL,Cholesterol in very large HDL,UK Biobank Data Showcase Resource 3543: https://biobank.ndph.ox.ac.uk/ukb/ukb/docs/Nightingale_biomarker_groups.txt,mapped,Lipoprotein subclasses,Very large HDL (average diameter 14.3 nm),Cholesterol in very large HDL
p23555_i0,23555,0,Cholesteryl esters in very large HDL,Cholesteryl esters in very large HDL,UK Biobank Data Showcase Resource 3543: https://biobank.ndph.ox.ac.uk/ukb/ukb/docs/Nightingale_biomarker_groups.txt,mapped,Lipoprotein subclasses,Very large HDL (average diameter 14.3 nm),Cholesteryl esters in very large HDL
p23556_i0,23556,0,Free cholesterol in very large HDL,Free cholesterol in very large HDL,UK Biobank Data Showcase Resource 3543: https://biobank.ndph.ox.ac.uk/ukb/ukb/docs/Nightingale_biomarker_groups.txt,mapped,Lipoprotein subclasses,Very large HDL (average diameter 14.3 nm),Free cholesterol in very large HDL
p23557_i0,23557,0,Triglycerides in very large HDL,Triglycerides in very large HDL,UK Biobank Data Showcase Resource 3543: https://biobank.ndph.ox.ac.uk/ukb/ukb/docs/Nightingale_biomarker_groups.txt,mapped,Lipoprotein subclasses,Very large HDL (average diameter 14.3 nm),Triglycerides in very large HDL
p23558_i0,23558,0,Concentration of large HDL particles,Concentration of large HDL particles,UK Biobank Data Showcase Resource 3543: https://biobank.ndph.ox.ac.uk/ukb/ukb/docs/Nightingale_biomarker_groups.txt,mapped,Lipoprotein subclasses,Large HDL (average diameter 12.1 nm),Concentration of large HDL particles
p23559_i0,23559,0,Total lipids in large HDL,Total lipids in large HDL,UK Biobank Data Showcase Resource 3543: https://biobank.ndph.ox.ac.uk/ukb/ukb/docs/Nightingale_biomarker_groups.txt,mapped,Lipoprotein subclasses,Large HDL (average diameter 12.1 nm),Total lipids in large HDL
p23560_i0,23560,0,Phospholipids in large HDL,Phospholipids in large HDL,UK Biobank Data Showcase Resource 3543: https://biobank.ndph.ox.ac.uk/ukb/ukb/docs/Nightingale_biomarker_groups.txt,mapped,Lipoprotein subclasses,Large HDL (average diameter 12.1 nm),Phospholipids in large HDL
p23561_i0,23561,0,Cholesterol in large HDL,Cholesterol in large HDL,UK Biobank Data Showcase Resource 3543: https://biobank.ndph.ox.ac.uk/ukb/ukb/docs/Nightingale_biomarker_groups.txt,mapped,Lipoprotein subclasses,Large HDL (average diameter 12.1 nm),Cholesterol in large HDL
p23562_i0,23562,0,Cholesteryl esters in large HDL,Cholesteryl esters in large HDL,UK Biobank Data Showcase Resource 3543: https://biobank.ndph.ox.ac.uk/ukb/ukb/docs/Nightingale_biomarker_groups.txt,mapped,Lipoprotein subclasses,Large HDL (average diameter 12.1 nm),Cholesteryl esters in large HDL
p23563_i0,23563,0,Free cholesterol in large HDL,Free cholesterol in large HDL,UK Biobank Data Showcase Resource 3543: https://biobank.ndph.ox.ac.uk/ukb/ukb/docs/Nightingale_biomarker_groups.txt,mapped,Lipoprotein subclasses,Large HDL (average diameter 12.1 nm),Free cholesterol in large HDL
p23564_i0,23564,0,Triglycerides in large HDL,Triglycerides in large HDL,UK Biobank Data Showcase Resource 3543: https://biobank.ndph.ox.ac.uk/ukb/ukb/docs/Nightingale_biomarker_groups.txt,mapped,Lipoprotein subclasses,Large HDL (average diameter 12.1 nm),Triglycerides in large HDL
p23565_i0,23565,0,Concentration of medium HDL particles,Concentration of medium HDL particles,UK Biobank Data Showcase Resource 3543: https://biobank.ndph.ox.ac.uk/ukb/ukb/docs/Nightingale_biomarker_groups.txt,mapped,Lipoprotein subclasses,Medium HDL (average diameter 10.9 nm),Concentration of medium HDL particles
p23566_i0,23566,0,Total lipids in medium HDL,Total lipids in medium HDL,UK Biobank Data Showcase Resource 3543: https://biobank.ndph.ox.ac.uk/ukb/ukb/docs/Nightingale_biomarker_groups.txt,mapped,Lipoprotein subclasses,Medium HDL (average diameter 10.9 nm),Total lipids in medium HDL
p23567_i0,23567,0,Phospholipids in medium HDL,Phospholipids in medium HDL,UK Biobank Data Showcase Resource 3543: https://biobank.ndph.ox.ac.uk/ukb/ukb/docs/Nightingale_biomarker_groups.txt,mapped,Lipoprotein subclasses,Medium HDL (average diameter 10.9 nm),Phospholipids in medium HDL
p23568_i0,23568,0,Cholesterol in medium HDL,Cholesterol in medium HDL,UK Biobank Data Showcase Resource 3543: https://biobank.ndph.ox.ac.uk/ukb/ukb/docs/Nightingale_biomarker_groups.txt,mapped,Lipoprotein subclasses,Medium HDL (average diameter 10.9 nm),Cholesterol in medium HDL
p23569_i0,23569,0,Cholesteryl esters in medium HDL,Cholesteryl esters in medium HDL,UK Biobank Data Showcase Resource 3543: https://biobank.ndph.ox.ac.uk/ukb/ukb/docs/Nightingale_biomarker_groups.txt,mapped,Lipoprotein subclasses,Medium HDL (average diameter 10.9 nm),Cholesteryl esters in medium HDL
p23569_i1,23569,1,Cholesteryl esters in medium HDL,Cholesteryl esters in medium HDL,UK Biobank Data Showcase Resource 3543: https://biobank.ndph.ox.ac.uk/ukb/ukb/docs/Nightingale_biomarker_groups.txt,mapped,Lipoprotein subclasses,Medium HDL (average diameter 10.9 nm),Cholesteryl esters in medium HDL
p23570_i0,23570,0,Free cholesterol in medium HDL,Free cholesterol in medium HDL,UK Biobank Data Showcase Resource 3543: https://biobank.ndph.ox.ac.uk/ukb/ukb/docs/Nightingale_biomarker_groups.txt,mapped,Lipoprotein subclasses,Medium HDL (average diameter 10.9 nm),Free cholesterol in medium HDL
p23571_i0,23571,0,Triglycerides in medium HDL,Triglycerides in medium HDL,UK Biobank Data Showcase Resource 3543: https://biobank.ndph.ox.ac.uk/ukb/ukb/docs/Nightingale_biomarker_groups.txt,mapped,Lipoprotein subclasses,Medium HDL (average diameter 10.9 nm),Triglycerides in medium HDL
p23572_i0,23572,0,Concentration of small HDL particles,Concentration of small HDL particles,UK Biobank Data Showcase Resource 3543: https://biobank.ndph.ox.ac.uk/ukb/ukb/docs/Nightingale_biomarker_groups.txt,mapped,Lipoprotein subclasses,Small HDL (average diameter 8.7 nm),Concentration of small HDL particles
p23573_i0,23573,0,Total lipids in small HDL,Total lipids in small HDL,UK Biobank Data Showcase Resource 3543: https://biobank.ndph.ox.ac.uk/ukb/ukb/docs/Nightingale_biomarker_groups.txt,mapped,Lipoprotein subclasses,Small HDL (average diameter 8.7 nm),Total lipids in small HDL
p23574_i0,23574,0,Phospholipids in small HDL,Phospholipids in small HDL,UK Biobank Data Showcase Resource 3543: https://biobank.ndph.ox.ac.uk/ukb/ukb/docs/Nightingale_biomarker_groups.txt,mapped,Lipoprotein subclasses,Small HDL (average diameter 8.7 nm),Phospholipids in small HDL
p23575_i0,23575,0,Cholesterol in small HDL,Cholesterol in small HDL,UK Biobank Data Showcase Resource 3543: https://biobank.ndph.ox.ac.uk/ukb/ukb/docs/Nightingale_biomarker_groups.txt,mapped,Lipoprotein subclasses,Small HDL (average diameter 8.7 nm),Cholesterol in small HDL
p23576_i0,23576,0,Cholesteryl esters in small HDL,Cholesteryl esters in small HDL,UK Biobank Data Showcase Resource 3543: https://biobank.ndph.ox.ac.uk/ukb/ukb/docs/Nightingale_biomarker_groups.txt,mapped,Lipoprotein subclasses,Small HDL (average diameter 8.7 nm),Cholesteryl esters in small HDL
p23577_i0,23577,0,Free cholesterol in small HDL,Free cholesterol in small HDL,UK Biobank Data Showcase Resource 3543: https://biobank.ndph.ox.ac.uk/ukb/ukb/docs/Nightingale_biomarker_groups.txt,mapped,Lipoprotein subclasses,Small HDL (average diameter 8.7 nm),Free cholesterol in small HDL
p23578_i0,23578,0,Triglycerides in small HDL,Triglycerides in small HDL,UK Biobank Data Showcase Resource 3543: https://biobank.ndph.ox.ac.uk/ukb/ukb/docs/Nightingale_biomarker_groups.txt,mapped,Lipoprotein subclasses,Small HDL (average diameter 8.7 nm),Triglycerides in small HDL
p23579_i0,23579,0,Phospholipids to total lipids ratio in chylomicrons and extremely large VLDL,Phospholipids to total lipids ratio in chylomicrons and extremely large VLDL,UK Biobank Data Showcase Resource 3543: https://biobank.ndph.ox.ac.uk/ukb/ukb/docs/Nightingale_biomarker_groups.txt,mapped,Relative lipoprotein lipid concentrations,Chylomicrons and extremely large VLDL ratios,Phospholipids to total lipids ratio in chylomicrons and extremely large VLDL
p23580_i0,23580,0,Cholesterol to total lipids ratio in chylomicrons and extremely large VLDL,Cholesterol to total lipids ratio in chylomicrons and extremely large VLDL,UK Biobank Data Showcase Resource 3543: https://biobank.ndph.ox.ac.uk/ukb/ukb/docs/Nightingale_biomarker_groups.txt,mapped,Relative lipoprotein lipid concentrations,Chylomicrons and extremely large VLDL ratios,Cholesterol to total lipids ratio in chylomicrons and extremely large VLDL
p23581_i0,23581,0,Cholesteryl esters to total lipids ratio in chylomicrons and extremely large VLDL,Cholesteryl esters to total lipids ratio in chylomicrons and extremely large VLDL,UK Biobank Data Showcase Resource 3543: https://biobank.ndph.ox.ac.uk/ukb/ukb/docs/Nightingale_biomarker_groups.txt,mapped,Relative lipoprotein lipid concentrations,Chylomicrons and extremely large VLDL ratios,Cholesteryl esters to total lipids ratio in chylomicrons and extremely large VLDL
p23582_i0,23582,0,Free cholesterol to total lipids ratio in chylomicrons and extremely large VLDL,Free cholesterol to total lipids ratio in chylomicrons and extremely large VLDL,UK Biobank Data Showcase Resource 3543: https://biobank.ndph.ox.ac.uk/ukb/ukb/docs/Nightingale_biomarker_groups.txt,mapped,Relative lipoprotein lipid concentrations,Chylomicrons and extremely large VLDL ratios,Free cholesterol to total lipids ratio in chylomicrons and extremely large VLDL
p23583_i0,23583,0,Triglycerides to total lipids ratio in chylomicrons and extremely large VLDL,Triglycerides to total lipids ratio in chylomicrons and extremely large VLDL,UK Biobank Data Showcase Resource 3543: https://biobank.ndph.ox.ac.uk/ukb/ukb/docs/Nightingale_biomarker_groups.txt,mapped,Relative lipoprotein lipid concentrations,Chylomicrons and extremely large VLDL ratios,Triglycerides to total lipids ratio in chylomicrons and extremely large VLDL
p23584_i0,23584,0,Phospholipids to total lipids ratio in very large VLDL,Phospholipids to total lipids ratio in very large VLDL,UK Biobank Data Showcase Resource 3543: https://biobank.ndph.ox.ac.uk/ukb/ukb/docs/Nightingale_biomarker_groups.txt,mapped,Relative lipoprotein lipid concentrations,Very large VLDL ratios,Phospholipids to total lipids ratio in very large VLDL
p23585_i0,23585,0,Cholesterol to total lipids ratio in very large VLDL,Cholesterol to total lipids ratio in very large VLDL,UK Biobank Data Showcase Resource 3543: https://biobank.ndph.ox.ac.uk/ukb/ukb/docs/Nightingale_biomarker_groups.txt,mapped,Relative lipoprotein lipid concentrations,Very large VLDL ratios,Cholesterol to total lipids ratio in very large VLDL
p23586_i0,23586,0,Cholesteryl esters to total lipids ratio in very large VLDL,Cholesteryl esters to total lipids ratio in very large VLDL,UK Biobank Data Showcase Resource 3543: https://biobank.ndph.ox.ac.uk/ukb/ukb/docs/Nightingale_biomarker_groups.txt,mapped,Relative lipoprotein lipid concentrations,Very large VLDL ratios,Cholesteryl esters to total lipids ratio in very large VLDL
p23587_i0,23587,0,Free cholesterol to total lipids ratio in very large VLDL,Free cholesterol to total lipids ratio in very large VLDL,UK Biobank Data Showcase Resource 3543: https://biobank.ndph.ox.ac.uk/ukb/ukb/docs/Nightingale_biomarker_groups.txt,mapped,Relative lipoprotein lipid concentrations,Very large VLDL ratios,Free cholesterol to total lipids ratio in very large VLDL
p23588_i0,23588,0,Triglycerides to total lipids ratio in very large VLDL,Triglycerides to total lipids ratio in very large VLDL,UK Biobank Data Showcase Resource 3543: https://biobank.ndph.ox.ac.uk/ukb/ukb/docs/Nightingale_biomarker_groups.txt,mapped,Relative lipoprotein lipid concentrations,Very large VLDL ratios,Triglycerides to total lipids ratio in very large VLDL
p23589_i0,23589,0,Phospholipids to total lipids ratio in large VLDL,Phospholipids to total lipids ratio in large VLDL,UK Biobank Data Showcase Resource 3543: https://biobank.ndph.ox.ac.uk/ukb/ukb/docs/Nightingale_biomarker_groups.txt,mapped,Relative lipoprotein lipid concentrations,Large VLDL ratios,Phospholipids to total lipids ratio in large VLDL
p23590_i0,23590,0,Cholesterol to total lipids ratio in large VLDL,Cholesterol to total lipids ratio in large VLDL,UK Biobank Data Showcase Resource 3543: https://biobank.ndph.ox.ac.uk/ukb/ukb/docs/Nightingale_biomarker_groups.txt,mapped,Relative lipoprotein lipid concentrations,Large VLDL ratios,Cholesterol to total lipids ratio in large VLDL
p23591_i0,23591,0,Cholesteryl esters to total lipids ratio in large VLDL,Cholesteryl esters to total lipids ratio in large VLDL,UK Biobank Data Showcase Resource 3543: https://biobank.ndph.ox.ac.uk/ukb/ukb/docs/Nightingale_biomarker_groups.txt,mapped,Relative lipoprotein lipid concentrations,Large VLDL ratios,Cholesteryl esters to total lipids ratio in large VLDL
p23592_i0,23592,0,Free cholesterol to total lipids ratio in large VLDL,Free cholesterol to total lipids ratio in large VLDL,UK Biobank Data Showcase Resource 3543: https://biobank.ndph.ox.ac.uk/ukb/ukb/docs/Nightingale_biomarker_groups.txt,mapped,Relative lipoprotein lipid concentrations,Large VLDL ratios,Free cholesterol to total lipids ratio in large VLDL
p23593_i0,23593,0,Triglycerides to total lipids ratio in large VLDL,Triglycerides to total lipids ratio in large VLDL,UK Biobank Data Showcase Resource 3543: https://biobank.ndph.ox.ac.uk/ukb/ukb/docs/Nightingale_biomarker_groups.txt,mapped,Relative lipoprotein lipid concentrations,Large VLDL ratios,Triglycerides to total lipids ratio in large VLDL
p23594_i0,23594,0,Phospholipids to total lipids ratio in medium VLDL,Phospholipids to total lipids ratio in medium VLDL,UK Biobank Data Showcase Resource 3543: https://biobank.ndph.ox.ac.uk/ukb/ukb/docs/Nightingale_biomarker_groups.txt,mapped,Relative lipoprotein lipid concentrations,Medium VLDL ratios,Phospholipids to total lipids ratio in medium VLDL
p23595_i0,23595,0,Cholesterol to total lipids ratio in medium VLDL,Cholesterol to total lipids ratio in medium VLDL,UK Biobank Data Showcase Resource 3543: https://biobank.ndph.ox.ac.uk/ukb/ukb/docs/Nightingale_biomarker_groups.txt,mapped,Relative lipoprotein lipid concentrations,Medium VLDL ratios,Cholesterol to total lipids ratio in medium VLDL
p23596_i0,23596,0,Cholesteryl esters to total lipids ratio in medium VLDL,Cholesteryl esters to total lipids ratio in medium VLDL,UK Biobank Data Showcase Resource 3543: https://biobank.ndph.ox.ac.uk/ukb/ukb/docs/Nightingale_biomarker_groups.txt,mapped,Relative lipoprotein lipid concentrations,Medium VLDL ratios,Cholesteryl esters to total lipids ratio in medium VLDL
p23597_i0,23597,0,Free cholesterol to total lipids ratio in medium VLDL,Free cholesterol to total lipids ratio in medium VLDL,UK Biobank Data Showcase Resource 3543: https://biobank.ndph.ox.ac.uk/ukb/ukb/docs/Nightingale_biomarker_groups.txt,mapped,Relative lipoprotein lipid concentrations,Medium VLDL ratios,Free cholesterol to total lipids ratio in medium VLDL
p23598_i0,23598,0,Triglycerides to total lipids ratio in medium VLDL,Triglycerides to total lipids ratio in medium VLDL,UK Biobank Data Showcase Resource 3543: https://biobank.ndph.ox.ac.uk/ukb/ukb/docs/Nightingale_biomarker_groups.txt,mapped,Relative lipoprotein lipid concentrations,Medium VLDL ratios,Triglycerides to total lipids ratio in medium VLDL
p23599_i0,23599,0,Phospholipids to total lipids ratio in small VLDL,Phospholipids to total lipids ratio in small VLDL,UK Biobank Data Showcase Resource 3543: https://biobank.ndph.ox.ac.uk/ukb/ukb/docs/Nightingale_biomarker_groups.txt,mapped,Relative lipoprotein lipid concentrations,Small VLDL ratios,Phospholipids to total lipids ratio in small VLDL
p23600_i0,23600,0,Cholesterol to total lipids ratio in small VLDL,Cholesterol to total lipids ratio in small VLDL,UK Biobank Data Showcase Resource 3543: https://biobank.ndph.ox.ac.uk/ukb/ukb/docs/Nightingale_biomarker_groups.txt,mapped,Relative lipoprotein lipid concentrations,Small VLDL ratios,Cholesterol to total lipids ratio in small VLDL
p23601_i0,23601,0,Cholesteryl esters to total lipids ratio in small VLDL,Cholesteryl esters to total lipids ratio in small VLDL,UK Biobank Data Showcase Resource 3543: https://biobank.ndph.ox.ac.uk/ukb/ukb/docs/Nightingale_biomarker_groups.txt,mapped,Relative lipoprotein lipid concentrations,Small VLDL ratios,Cholesteryl esters to total lipids ratio in small VLDL
p23602_i0,23602,0,Free cholesterol to total lipids ratio in small VLDL,Free cholesterol to total lipids ratio in small VLDL,UK Biobank Data Showcase Resource 3543: https://biobank.ndph.ox.ac.uk/ukb/ukb/docs/Nightingale_biomarker_groups.txt,mapped,Relative lipoprotein lipid concentrations,Small VLDL ratios,Free cholesterol to total lipids ratio in small VLDL
p23603_i0,23603,0,Triglycerides to total lipids ratio in small VLDL,Triglycerides to total lipids ratio in small VLDL,UK Biobank Data Showcase Resource 3543: https://biobank.ndph.ox.ac.uk/ukb/ukb/docs/Nightingale_biomarker_groups.txt,mapped,Relative lipoprotein lipid concentrations,Small VLDL ratios,Triglycerides to total lipids ratio in small VLDL
p23604_i0,23604,0,Phospholipids to total lipids ratio in very small VLDL,Phospholipids to total lipids ratio in very small VLDL,UK Biobank Data Showcase Resource 3543: https://biobank.ndph.ox.ac.uk/ukb/ukb/docs/Nightingale_biomarker_groups.txt,mapped,Relative lipoprotein lipid concentrations,Very small VLDL ratios,Phospholipids to total lipids ratio in very small VLDL
p23605_i0,23605,0,Cholesterol to total lipids ratio in very small VLDL,Cholesterol to total lipids ratio in very small VLDL,UK Biobank Data Showcase Resource 3543: https://biobank.ndph.ox.ac.uk/ukb/ukb/docs/Nightingale_biomarker_groups.txt,mapped,Relative lipoprotein lipid concentrations,Very small VLDL ratios,Cholesterol to total lipids ratio in very small VLDL
p23606_i0,23606,0,Cholesteryl esters to total lipids ratio in very small VLDL,Cholesteryl esters to total lipids ratio in very small VLDL,UK Biobank Data Showcase Resource 3543: https://biobank.ndph.ox.ac.uk/ukb/ukb/docs/Nightingale_biomarker_groups.txt,mapped,Relative lipoprotein lipid concentrations,Very small VLDL ratios,Cholesteryl esters to total lipids ratio in very small VLDL
p23607_i0,23607,0,Free cholesterol to total lipids ratio in very small VLDL,Free cholesterol to total lipids ratio in very small VLDL,UK Biobank Data Showcase Resource 3543: https://biobank.ndph.ox.ac.uk/ukb/ukb/docs/Nightingale_biomarker_groups.txt,mapped,Relative lipoprotein lipid concentrations,Very small VLDL ratios,Free cholesterol to total lipids ratio in very small VLDL
p23608_i0,23608,0,Triglycerides to total lipids ratio in very small VLDL,Triglycerides to total lipids ratio in very small VLDL,UK Biobank Data Showcase Resource 3543: https://biobank.ndph.ox.ac.uk/ukb/ukb/docs/Nightingale_biomarker_groups.txt,mapped,Relative lipoprotein lipid concentrations,Very small VLDL ratios,Triglycerides to total lipids ratio in very small VLDL
p23609_i0,23609,0,Phospholipids to total lipids ratio in IDL,Phospholipids to total lipids ratio in IDL,UK Biobank Data Showcase Resource 3543: https://biobank.ndph.ox.ac.uk/ukb/ukb/docs/Nightingale_biomarker_groups.txt,mapped,Relative lipoprotein lipid concentrations,IDL ratios,Phospholipids to total lipids ratio in IDL
p23610_i0,23610,0,Cholesterol to total lipids ratio in IDL,Cholesterol to total lipids ratio in IDL,UK Biobank Data Showcase Resource 3543: https://biobank.ndph.ox.ac.uk/ukb/ukb/docs/Nightingale_biomarker_groups.txt,mapped,Relative lipoprotein lipid concentrations,IDL ratios,Cholesterol to total lipids ratio in IDL
p23611_i0,23611,0,Cholesteryl esters to total lipids ratio in IDL,Cholesteryl esters to total lipids ratio in IDL,UK Biobank Data Showcase Resource 3543: https://biobank.ndph.ox.ac.uk/ukb/ukb/docs/Nightingale_biomarker_groups.txt,mapped,Relative lipoprotein lipid concentrations,IDL ratios,Cholesteryl esters to total lipids ratio in IDL
p23612_i0,23612,0,Free cholesterol to total lipids ratio in IDL,Free cholesterol to total lipids ratio in IDL,UK Biobank Data Showcase Resource 3543: https://biobank.ndph.ox.ac.uk/ukb/ukb/docs/Nightingale_biomarker_groups.txt,mapped,Relative lipoprotein lipid concentrations,IDL ratios,Free cholesterol to total lipids ratio in IDL
p23613_i0,23613,0,Triglycerides to total lipids ratio in IDL,Triglycerides to total lipids ratio in IDL,UK Biobank Data Showcase Resource 3543: https://biobank.ndph.ox.ac.uk/ukb/ukb/docs/Nightingale_biomarker_groups.txt,mapped,Relative lipoprotein lipid concentrations,IDL ratios,Triglycerides to total lipids ratio in IDL
p23614_i0,23614,0,Phospholipids to total lipids ratio in large LDL,Phospholipids to total lipids ratio in large LDL,UK Biobank Data Showcase Resource 3543: https://biobank.ndph.ox.ac.uk/ukb/ukb/docs/Nightingale_biomarker_groups.txt,mapped,Relative lipoprotein lipid concentrations,Large LDL ratios,Phospholipids to total lipids ratio in large LDL
p23615_i0,23615,0,Cholesterol to total lipids ratio in large LDL,Cholesterol to total lipids ratio in large LDL,UK Biobank Data Showcase Resource 3543: https://biobank.ndph.ox.ac.uk/ukb/ukb/docs/Nightingale_biomarker_groups.txt,mapped,Relative lipoprotein lipid concentrations,Large LDL ratios,Cholesterol to total lipids ratio in large LDL
p23616_i0,23616,0,Cholesteryl esters to total lipids ratio in large LDL,Cholesteryl esters to total lipids ratio in large LDL,UK Biobank Data Showcase Resource 3543: https://biobank.ndph.ox.ac.uk/ukb/ukb/docs/Nightingale_biomarker_groups.txt,mapped,Relative lipoprotein lipid concentrations,Large LDL ratios,Cholesteryl esters to total lipids ratio in large LDL
p23617_i0,23617,0,Free cholesterol to total lipids ratio in large LDL,Free cholesterol to total lipids ratio in large LDL,UK Biobank Data Showcase Resource 3543: https://biobank.ndph.ox.ac.uk/ukb/ukb/docs/Nightingale_biomarker_groups.txt,mapped,Relative lipoprotein lipid concentrations,Large LDL ratios,Free cholesterol to total lipids ratio in large LDL
p23618_i0,23618,0,Triglycerides to total lipids ratio in large LDL,Triglycerides to total lipids ratio in large LDL,UK Biobank Data Showcase Resource 3543: https://biobank.ndph.ox.ac.uk/ukb/ukb/docs/Nightingale_biomarker_groups.txt,mapped,Relative lipoprotein lipid concentrations,Large LDL ratios,Triglycerides to total lipids ratio in large LDL
p23619_i0,23619,0,Phospholipids to total lipids ratio in medium LDL,Phospholipids to total lipids ratio in medium LDL,UK Biobank Data Showcase Resource 3543: https://biobank.ndph.ox.ac.uk/ukb/ukb/docs/Nightingale_biomarker_groups.txt,mapped,Relative lipoprotein lipid concentrations,Medium LDL ratios,Phospholipids to total lipids ratio in medium LDL
p23620_i0,23620,0,Cholesterol to total lipids ratio in medium LDL,Cholesterol to total lipids ratio in medium LDL,UK Biobank Data Showcase Resource 3543: https://biobank.ndph.ox.ac.uk/ukb/ukb/docs/Nightingale_biomarker_groups.txt,mapped,Relative lipoprotein lipid concentrations,Medium LDL ratios,Cholesterol to total lipids ratio in medium LDL
p23621_i0,23621,0,Cholesteryl esters to total lipids ratio in medium LDL,Cholesteryl esters to total lipids ratio in medium LDL,UK Biobank Data Showcase Resource 3543: https://biobank.ndph.ox.ac.uk/ukb/ukb/docs/Nightingale_biomarker_groups.txt,mapped,Relative lipoprotein lipid concentrations,Medium LDL ratios,Cholesteryl esters to total lipids ratio in medium LDL
p23622_i0,23622,0,Free cholesterol to total lipids ratio in medium LDL,Free cholesterol to total lipids ratio in medium LDL,UK Biobank Data Showcase Resource 3543: https://biobank.ndph.ox.ac.uk/ukb/ukb/docs/Nightingale_biomarker_groups.txt,mapped,Relative lipoprotein lipid concentrations,Medium LDL ratios,Free cholesterol to total lipids ratio in medium LDL
p23623_i0,23623,0,Triglycerides to total lipids ratio in medium LDL,Triglycerides to total lipids ratio in medium LDL,UK Biobank Data Showcase Resource 3543: https://biobank.ndph.ox.ac.uk/ukb/ukb/docs/Nightingale_biomarker_groups.txt,mapped,Relative lipoprotein lipid concentrations,Medium LDL ratios,Triglycerides to total lipids ratio in medium LDL
p23624_i0,23624,0,Phospholipids to total lipids ratio in small LDL,Phospholipids to total lipids ratio in small LDL,UK Biobank Data Showcase Resource 3543: https://biobank.ndph.ox.ac.uk/ukb/ukb/docs/Nightingale_biomarker_groups.txt,mapped,Relative lipoprotein lipid concentrations,Small LDL ratios,Phospholipids to total lipids ratio in small LDL
p23625_i0,23625,0,Cholesterol to total lipids ratio in small LDL,Cholesterol to total lipids ratio in small LDL,UK Biobank Data Showcase Resource 3543: https://biobank.ndph.ox.ac.uk/ukb/ukb/docs/Nightingale_biomarker_groups.txt,mapped,Relative lipoprotein lipid concentrations,Small LDL ratios,Cholesterol to total lipids ratio in small LDL
p23626_i0,23626,0,Cholesteryl esters to total lipids ratio in small LDL,Cholesteryl esters to total lipids ratio in small LDL,UK Biobank Data Showcase Resource 3543: https://biobank.ndph.ox.ac.uk/ukb/ukb/docs/Nightingale_biomarker_groups.txt,mapped,Relative lipoprotein lipid concentrations,Small LDL ratios,Cholesteryl esters to total lipids ratio in small LDL
p23627_i0,23627,0,Free cholesterol to total lipids ratio in small LDL,Free cholesterol to total lipids ratio in small LDL,UK Biobank Data Showcase Resource 3543: https://biobank.ndph.ox.ac.uk/ukb/ukb/docs/Nightingale_biomarker_groups.txt,mapped,Relative lipoprotein lipid concentrations,Small LDL ratios,Free cholesterol to total lipids ratio in small LDL
p23628_i0,23628,0,Triglycerides to total lipids ratio in small LDL,Triglycerides to total lipids ratio in small LDL,UK Biobank Data Showcase Resource 3543: https://biobank.ndph.ox.ac.uk/ukb/ukb/docs/Nightingale_biomarker_groups.txt,mapped,Relative lipoprotein lipid concentrations,Small LDL ratios,Triglycerides to total lipids ratio in small LDL
p23629_i0,23629,0,Phospholipids to total lipids ratio in very large HDL,Phospholipids to total lipids ratio in very large HDL,UK Biobank Data Showcase Resource 3543: https://biobank.ndph.ox.ac.uk/ukb/ukb/docs/Nightingale_biomarker_groups.txt,mapped,Relative lipoprotein lipid concentrations,Very large HDL ratios,Phospholipids to total lipids ratio in very large HDL
p23630_i0,23630,0,Cholesterol to total lipids ratio in very large HDL,Cholesterol to total lipids ratio in very large HDL,UK Biobank Data Showcase Resource 3543: https://biobank.ndph.ox.ac.uk/ukb/ukb/docs/Nightingale_biomarker_groups.txt,mapped,Relative lipoprotein lipid concentrations,Very large HDL ratios,Cholesterol to total lipids ratio in very large HDL
p23631_i0,23631,0,Cholesteryl esters to total lipids ratio in very large HDL,Cholesteryl esters to total lipids ratio in very large HDL,UK Biobank Data Showcase Resource 3543: https://biobank.ndph.ox.ac.uk/ukb/ukb/docs/Nightingale_biomarker_groups.txt,mapped,Relative lipoprotein lipid concentrations,Very large HDL ratios,Cholesteryl esters to total lipids ratio in very large HDL
p23632_i0,23632,0,Free cholesterol to total lipids ratio in very large HDL,Free cholesterol to total lipids ratio in very large HDL,UK Biobank Data Showcase Resource 3543: https://biobank.ndph.ox.ac.uk/ukb/ukb/docs/Nightingale_biomarker_groups.txt,mapped,Relative lipoprotein lipid concentrations,Very large HDL ratios,Free cholesterol to total lipids ratio in very large HDL
p23633_i0,23633,0,Triglycerides to total lipids ratio in very large HDL,Triglycerides to total lipids ratio in very large HDL,UK Biobank Data Showcase Resource 3543: https://biobank.ndph.ox.ac.uk/ukb/ukb/docs/Nightingale_biomarker_groups.txt,mapped,Relative lipoprotein lipid concentrations,Very large HDL ratios,Triglycerides to total lipids ratio in very large HDL
p23634_i0,23634,0,Phospholipids to total lipids ratio in large HDL,Phospholipids to total lipids ratio in large HDL,UK Biobank Data Showcase Resource 3543: https://biobank.ndph.ox.ac.uk/ukb/ukb/docs/Nightingale_biomarker_groups.txt,mapped,Relative lipoprotein lipid concentrations,Large HDL ratios,Phospholipids to total lipids ratio in large HDL
p23635_i0,23635,0,Cholesterol to total lipids ratio in large HDL,Cholesterol to total lipids ratio in large HDL,UK Biobank Data Showcase Resource 3543: https://biobank.ndph.ox.ac.uk/ukb/ukb/docs/Nightingale_biomarker_groups.txt,mapped,Relative lipoprotein lipid concentrations,Large HDL ratios,Cholesterol to total lipids ratio in large HDL
p23636_i0,23636,0,Cholesteryl esters to total lipids ratio in large HDL,Cholesteryl esters to total lipids ratio in large HDL,UK Biobank Data Showcase Resource 3543: https://biobank.ndph.ox.ac.uk/ukb/ukb/docs/Nightingale_biomarker_groups.txt,mapped,Relative lipoprotein lipid concentrations,Large HDL ratios,Cholesteryl esters to total lipids ratio in large HDL
p23637_i0,23637,0,Free cholesterol to total lipids ratio in large HDL,Free cholesterol to total lipids ratio in large HDL,UK Biobank Data Showcase Resource 3543: https://biobank.ndph.ox.ac.uk/ukb/ukb/docs/Nightingale_biomarker_groups.txt,mapped,Relative lipoprotein lipid concentrations,Large HDL ratios,Free cholesterol to total lipids ratio in large HDL
p23638_i0,23638,0,Triglycerides to total lipids ratio in large HDL,Triglycerides to total lipids ratio in large HDL,UK Biobank Data Showcase Resource 3543: https://biobank.ndph.ox.ac.uk/ukb/ukb/docs/Nightingale_biomarker_groups.txt,mapped,Relative lipoprotein lipid concentrations,Large HDL ratios,Triglycerides to total lipids ratio in large HDL
p23639_i0,23639,0,Phospholipids to total lipids ratio in medium HDL,Phospholipids to total lipids ratio in medium HDL,UK Biobank Data Showcase Resource 3543: https://biobank.ndph.ox.ac.uk/ukb/ukb/docs/Nightingale_biomarker_groups.txt,mapped,Relative lipoprotein lipid concentrations,Medium HDL ratios,Phospholipids to total lipids ratio in medium HDL
p23640_i0,23640,0,Cholesterol to total lipids ratio in medium HDL,Cholesterol to total lipids ratio in medium HDL,UK Biobank Data Showcase Resource 3543: https://biobank.ndph.ox.ac.uk/ukb/ukb/docs/Nightingale_biomarker_groups.txt,mapped,Relative lipoprotein lipid concentrations,Medium HDL ratios,Cholesterol to total lipids ratio in medium HDL
p23641_i0,23641,0,Cholesteryl esters to total lipids ratio in medium HDL,Cholesteryl esters to total lipids ratio in medium HDL,UK Biobank Data Showcase Resource 3543: https://biobank.ndph.ox.ac.uk/ukb/ukb/docs/Nightingale_biomarker_groups.txt,mapped,Relative lipoprotein lipid concentrations,Medium HDL ratios,Cholesteryl esters to total lipids ratio in medium HDL
p23642_i0,23642,0,Free cholesterol to total lipids ratio in medium HDL,Free cholesterol to total lipids ratio in medium HDL,UK Biobank Data Showcase Resource 3543: https://biobank.ndph.ox.ac.uk/ukb/ukb/docs/Nightingale_biomarker_groups.txt,mapped,Relative lipoprotein lipid concentrations,Medium HDL ratios,Free cholesterol to total lipids ratio in medium HDL
p23643_i0,23643,0,Triglycerides to total lipids ratio in medium HDL,Triglycerides to total lipids ratio in medium HDL,UK Biobank Data Showcase Resource 3543: https://biobank.ndph.ox.ac.uk/ukb/ukb/docs/Nightingale_biomarker_groups.txt,mapped,Relative lipoprotein lipid concentrations,Medium HDL ratios,Triglycerides to total lipids ratio in medium HDL
p23644_i0,23644,0,Phospholipids to total lipids ratio in small HDL,Phospholipids to total lipids ratio in small HDL,UK Biobank Data Showcase Resource 3543: https://biobank.ndph.ox.ac.uk/ukb/ukb/docs/Nightingale_biomarker_groups.txt,mapped,Relative lipoprotein lipid concentrations,Small HDL ratios,Phospholipids to total lipids ratio in small HDL
p23645_i0,23645,0,Cholesterol to total lipids ratio in small HDL,Cholesterol to total lipids ratio in small HDL,UK Biobank Data Showcase Resource 3543: https://biobank.ndph.ox.ac.uk/ukb/ukb/docs/Nightingale_biomarker_groups.txt,mapped,Relative lipoprotein lipid concentrations,Small HDL ratios,Cholesterol to total lipids ratio in small HDL
p23646_i0,23646,0,Cholesteryl esters to total lipids ratio in small HDL,Cholesteryl esters to total lipids ratio in small HDL,UK Biobank Data Showcase Resource 3543: https://biobank.ndph.ox.ac.uk/ukb/ukb/docs/Nightingale_biomarker_groups.txt,mapped,Relative lipoprotein lipid concentrations,Small HDL ratios,Cholesteryl esters to total lipids ratio in small HDL
p23647_i0,23647,0,Free cholesterol to total lipids ratio in small HDL,Free cholesterol to total lipids ratio in small HDL,UK Biobank Data Showcase Resource 3543: https://biobank.ndph.ox.ac.uk/ukb/ukb/docs/Nightingale_biomarker_groups.txt,mapped,Relative lipoprotein lipid concentrations,Small HDL ratios,Free cholesterol to total lipids ratio in small HDL
p23648_i0,23648,0,Triglycerides to total lipids ratio in small HDL,Triglycerides to total lipids ratio in small HDL,UK Biobank Data Showcase Resource 3543: https://biobank.ndph.ox.ac.uk/ukb/ukb/docs/Nightingale_biomarker_groups.txt,mapped,Relative lipoprotein lipid concentrations,Small HDL ratios,Triglycerides to total lipids ratio in small HDL
